name,owner,address,phone,product_id
Nigel,Boyce,966 Independence Plaza,33,12
Lurleen,Rudolf,2 Golf View Circle,78,37
Hamil,Marcela,2 Moulton Lane,86,7
Florrie,Gonzalo,50457 Macpherson Drive,91,37
Dredi,Thayne,75236 Loeprich Way,3,50
Elbertine,Gaby,81824 Morningstar Drive,87,6
Sigismundo,Kath,75 Lillian Lane,26,3
Keefer,Melessa,373 Loftsgordon Avenue,75,49
Everett,Jaquenette,0 Bayside Alley,27,13
Roanne,Ceil,7 Loomis Road,9,26
Tiffani,Ediva,6 Monument Drive,45,27
Wilton,Crin,690 Eagle Crest Circle,62,37
Sharl,Patrick,23 Badeau Road,58,28
Benjamin,Rebbecca,28 Waxwing Road,95,13
Elwin,Cullie,157 Sullivan Pass,95,4
Cindy,Dorri,04 Carey Parkway,6,29
Neile,Teri,126 Ludington Terrace,46,9
Ernaline,Brana,53719 Oriole Plaza,27,4
Tildi,Georgette,0 Novick Way,39,36
Ermina,Justinian,7296 Dwight Road,53,45
Mendel,Yance,70 Sloan Crossing,20,37
Virge,Jud,3 Moland Hill,82,3
Ania,Olivette,815 Lakewood Gardens Alley,7,40
Kylen,Henrik,6285 La Follette Lane,36,16
Marty,Ly,222 Leroy Lane,88,34
Donia,Sidonia,727 Thompson Way,37,45
Ellissa,Inessa,4 Corscot Park,47,9
Clarey,Babb,3 Oak Pass,29,39
Modesty,Ruthann,54646 Hoepker Drive,88,44
Emmy,Andee,6 Commercial Place,61,26
