name,email,gender,address,phone
Chere,cferrer0@livejournal.com,Female,47 Thompson Plaza,649-522-6199
Domini,dwackett1@blogger.com,Female,1997 Bunting Pass,969-476-3098
Vail,vdumberrill2@weibo.com,Male,6042 Northwestern Terrace,161-935-7962
Chase,cpoll3@walmart.com,Male,6 Kensington Alley,525-595-1871
Francene,fmccullen4@sohu.com,Female,961 Everett Road,415-295-3884
Vincent,vpethick5@webnode.com,Male,31632 Alpine Trail,689-918-5702
Maurizio,mcalton6@sphinn.com,Male,91437 Montana Pass,850-207-9982
Melisent,mwheeldon7@arstechnica.com,Female,40 Cordelia Trail,675-752-7268
Danila,dgrovier8@list-manage.com,Female,40 Ridge Oak Lane,785-912-4961
Pryce,pdufour9@topsy.com,Male,859 Dunning Terrace,942-220-0381
Ninette,nkaisera@privacy.gov.au,Female,03 Macpherson Center,513-663-6176
Pierson,pneathwayb@chicagotribune.com,Male,2 Forest Run Way,783-619-9571
Garik,ggoudiec@yellowbook.com,Male,937 Del Sol Crossing,144-658-1390
Georgia,gskerrittd@sciencedaily.com,Female,165 Oak Terrace,315-913-9482
Padgett,pmcdonoughe@princeton.edu,Male,34338 Lukken Pass,116-888-7365
Aurelia,ayurkiewiczf@mozilla.org,Female,869 Paget Pass,273-898-2131
Marcie,mpellittg@vk.com,Female,226 Service Lane,312-199-8475
Raeann,rfrankcombeh@networksolutions.com,Female,31506 Porter Plaza,551-885-6214
Zelma,zmaccougheni@google.ru,Female,511 Farwell Junction,123-724-9826
Bree,bcollipj@flickr.com,Female,788 Scott Plaza,304-427-6513
Bron,bglasmank@wiley.com,Male,169 Sachtjen Hill,112-659-6787
Kirby,kbauldryl@sohu.com,Male,13 Morningstar Trail,524-378-0364
Kippie,kcollcottm@boston.com,Male,12 Truax Park,267-316-7215
Edgard,eiredelln@tamu.edu,Male,5767 Stuart Hill,959-219-2112
Henri,hramsdello@narod.ru,Male,8827 Carpenter Junction,442-344-4272
Kellsie,kmessentp@homestead.com,Female,937 Meadow Valley Plaza,887-384-8957
Muire,mbowenq@yellowpages.com,Female,1 Debra Plaza,790-572-6858
Tanney,tsaddletonr@bbc.co.uk,Male,7 Katie Crossing,522-835-1652
Simone,svaldes@eepurl.com,Female,48467 Namekagon Drive,683-958-6665
Domeniga,dcordiert@jimdo.com,Female,3 Anhalt Avenue,263-673-7721
Baxie,bguesteu@yahoo.com,Male,4439 Corscot Park,254-469-6732
Findley,frodwellv@pcworld.com,Male,5 School Trail,974-674-7347
Nikolos,nfairesw@techcrunch.com,Male,9 Raven Junction,715-752-9635
Hildegarde,hbrownex@yolasite.com,Female,68706 Moose Way,786-980-6348
Maryanne,mruzickay@reverbnation.com,Female,5054 Hollow Ridge Crossing,748-512-2451
Hermione,hwrotchfordz@ocn.ne.jp,Female,38612 Arrowood Terrace,768-886-4230
Randi,rwithull10@vinaora.com,Male,03292 Judy Pass,481-423-7138
Sergent,saldrich11@princeton.edu,Male,5719 Armistice Way,782-250-1250
Alli,aamyes12@webnode.com,Female,46100 Columbus Circle,754-209-0059
Stillman,scanizares13@google.ca,Male,52696 Annamark Alley,855-709-5655
Tadio,tdonaghy14@ycombinator.com,Male,8 Upham Circle,547-455-8556
Allegra,amerryweather15@dedecms.com,Female,17663 Hauk Avenue,104-806-2428
Avrit,aclutton16@istockphoto.com,Female,538 Sunnyside Hill,801-788-8932
Bret,bcluckie17@state.tx.us,Male,58 Leroy Way,874-719-7346
Maurise,mmontilla18@java.com,Male,51 Laurel Road,360-426-7053
Reginauld,rdockrey19@1688.com,Male,357 Rutledge Way,246-159-0449
Lindsy,lciobotaro1a@rediff.com,Female,5 Hollow Ridge Park,346-200-8882
Cosimo,cwhetton1b@drupal.org,Male,5370 Parkside Center,742-895-7877
Loren,lselvester1c@webeden.co.uk,Female,8 Stang Way,519-799-5558
Cesare,cdeny1d@nifty.com,Male,263 Daystar Court,543-115-0738
